{
  "posts": [
    {
      "title": "Lorem ipsum dolor sit amet",
      "author": "Patrice",
      "content": "Lorem ipsum dolor sit amet consectetur adipisicing elit. Obcaecati voluptates non, odit, sequi sit pariatur iusto modi magni dolorem, cupiditate corrupti! Recusandae quaerat vitae fugiat mollitia blanditiis, temporibus eum! Ipsum? Lorem ipsum dolor sit amet consectetur adipisicing elit. Obcaecati voluptates non, odit, sequi sit pariatur iusto modi magni dolorem, cupiditate corrupti! Recusandae quaerat vitae fugiat mollitia blanditiis, temporibus eum! Ipsum?",
      "likes": 27,
      "id": "1"
    },
    {
      "title": "Lorem ipsum dolor sit amet dolor sit amet",
      "author": "Samia",
      "content": "Lorem ipsum dolor sit amet consectetur adipisicing elit. Obcaecati voluptates non, odit, sequi sit pariatur iusto modi magni dolorem, cupiditate corrupti! Lorem ipsum dolor sit amet consectetur adipisicing elit. Obcaecati voluptates non, odit, sequi sit pariatur iusto modi magni dolorem, cupiditate corrupti! Recusandae quaerat vitae fugiat mollitia blanditiis, temporibus eum! Ipsum? Lorem ipsum dolor sit amet consectetur adipisicing elit. Obcaecati voluptates non, odit, sequi sit pariatur iusto modi magni dolorem, cupiditate corrupti! Recusandae quaerat vitae fugiat mollitia blanditiis, temporibus eum! Ipsum?",
      "likes": 16,
      "id": "2"
    },
    {
      "title": "Lorem ipsum dolor",
      "author": "Denis",
      "content": "Lorem ipsum dolor sit amet consectetur adipisicing elit. Obcaecati voluptates non, odit, sequi sit pariatur iusto modi magni dolorem, cupiditate corrupti!Lorem ipsum dolor sit amet consectetur adipisicing elit. Obcaecati voluptates non, odit, sequi sit pariatur iusto modi magni dolorem, cupiditate corrupti! Lorem ipsum dolor sit amet consectetur adipisicing elit. Obcaecati voluptates non, odit, sequi sit pariatur iusto modi magni dolorem, cupiditate corrupti! Recusandae quaerat vitae fugiat mollitia blanditiis, temporibus eum! Ipsum?",
      "likes": 107,
      "id": "3"
    }
  ],
  "user": [
    {
      "pseudo": "user42",
      "likes": 0,
      "age": 30,
      "id": 1
    }
  ]
}